soil_moisture,temperature,sunlight,fertilizer,crop_yield,crop_health
21.236203565420876,18.702658576772393,6.093645469887248,0,61.64066429489909,0
38.52142919229748,25.838018947567164,5.975830392575999,0,73.39053364405176,0
31.959818254342153,32.45891671752817,11.250036644168294,0,69.2029568485571,0
27.959754525911098,29.644497728191222,5.996369598796049,1,72.78715626782945,0
14.680559213273096,31.131222957228996,6.175597809029048,0,54.17316758220356,0
14.67983561008608,28.175667334214346,10.07518609934371,1,73.37506684633559,0
11.742508365045984,28.845531290357048,7.59791873960432,1,61.99492149177751,0
35.98528437324806,31.983913031306386,10.213684455641449,0,68.36300989033295,0
28.033450352296263,19.993360177183717,4.522929260515082,0,59.75854226688648,0
31.242177333881365,24.788499272862808,7.9005695493870745,1,78.31604980404572,1
10.617534828874074,19.424188836392045,4.268908801466261,1,54.67663747384161,0
39.09729556485983,34.75336015993294,4.501225627642836,0,49.05067440970956,0
34.97327922401265,33.88118679373227,11.251499626755287,0,64.1457467289642,0
16.370173320348286,15.788536227370118,5.113962968940761,0,46.008726101477166,0
15.454749016213018,29.11150345031377,8.259365458201737,1,65.61251703230467,0
15.502135295603015,33.50496634831332,7.288764820805652,1,55.466794953029456,0
19.127267288786133,18.611506902546672,6.778746610070741,1,61.64594636529188,0
25.742692948967136,26.35890461105259,11.19866676549818,1,84.34874499105598,1
22.958350559263472,33.30976595176084,4.174587174203916,1,60.494109508078544,0
18.73687420594126,15.678919571715976,9.310317489404714,0,51.44292634626832,0
28.355586841671386,28.9484053449368,11.707155473708404,0,67.82571166457898,0
14.184815819561255,20.946980147451015,8.481345467694736,1,61.49816434500924,0
18.764339456056543,33.48792390753061,11.494579696264735,1,62.21217685138953,0
20.99085529881075,34.42116490330736,4.41806303428819,0,46.5205858051404,0
23.682099526511077,33.88532978226868,7.350346552593291,0,51.24592969662084,0
33.55527884179041,24.484284333149276,6.081262327696409,0,68.3875182574889,0
15.990213464750791,32.24085301978627,9.846567719845838,0,56.00264813520067,0
25.42703315240835,31.890987970701406,11.850376723977973,1,72.61423882133818,0
27.772437065861276,21.382009464865114,6.0522404995539825,0,68.70374554116967,0
11.393512381599932,31.57830948301355,9.233396811792595,1,58.60311717692016,0
28.22634555704315,15.740152694309852,5.584781062077921,0,51.905660649540984,0
15.115723710618745,26.92539756964106,8.52264203657288,0,61.857538226650014,0
11.951547789558386,19.600176745754062,7.71145989350669,0,56.586121374673475,0
38.466566117599996,17.411337715545578,11.776042637052296,1,72.47787927451552,0
38.96896099223678,16.539064032584182,8.868218181571732,1,73.73057489985035,0
34.25192044349384,28.925775517562794,6.79605097669455,0,60.53915319199259,0
19.13841307520112,21.79749927536132,4.912766279103467,1,63.73520614471609,0
12.930163420191516,29.495335430575228,5.2099746298794765,1,61.79490948972323,0
30.526990795364707,16.307126815978847,5.802535439609881,0,57.5007247706674,0
23.20457481218804,21.305806756612206,6.007733290722384,0,76.69066917530449,0
13.661147045343364,25.789825847506744,10.804928462729102,1,78.20731464459138,0
24.855307303338105,30.81446329677927,8.4897823062602,1,63.513127533290756,0
11.031655633456552,21.3750500586414,8.187127290994932,1,65.0692976350581,0
37.27961206236346,27.51782752874018,4.91815097495374,0,62.10014576879972,0
17.763399448000506,32.71955496472374,10.88111754679548,0,59.36126736826219,0
29.87566853061946,27.317263763646093,9.78251442566787,1,75.81179809151557,1
19.35133228268233,19.659189495072674,4.541346895200013,0,60.383016852087344,0
25.602040635334326,15.48801563113076,9.66268077783815,0,55.52337137370823,0
26.40130838029839,32.401977478018594,8.348305738741168,1,65.33532826324752,0
15.545633665765811,15.425388217007743,4.653802765974226,1,47.42650820883771,0
39.08753883293676,32.49403345368399,7.666405132229252,0,74.74956696671093,0
33.253984700833435,25.578742680544238,7.877570297040376,0,75.67964860429925,0
38.18496824692567,33.781353970257925,5.326196321306206,1,73.6818558823023,0
36.844820512829465,30.975664715473307,11.565585176002259,0,77.89021740006284,0
27.936999364332554,34.95868221066675,10.799802971845295,0,62.66117335527765,0
37.6562270506935,22.014236309034203,9.352178698632866,1,83.72851992795205,1
12.654775061557585,30.343765778622537,7.698364488004858,1,64.15638919662226,0
15.879485872574357,23.03861827218484,7.294124332676068,0,55.3198030829429,0
11.356818667316142,24.597512406078177,9.207787737207633,0,67.2906987808721,0
19.75990992289793,27.5501092643674,8.363454955255243,0,71.55070872151863,0
21.66031869068446,32.47354228372677,4.498184847055085,1,57.38586613110079,0
18.140470953216877,34.681669383985906,8.100021190162654,0,44.83097925986274,0
34.86212527455788,30.365468277290365,10.451228937862716,0,72.11494723660493,0
20.70259980080768,23.355335643346674,7.6739190207756645,1,82.09337729953813,1
18.428035290621423,23.427140045541403,4.415652620434147,1,73.92623524471833,0
26.280882494747456,29.75164603177783,10.290225595072265,0,68.76246752959631,0
14.22772674924288,19.775542915366046,5.610910257087795,1,64.83856097627566,0
34.06590942262119,17.209482262627894,6.06896667910431,1,63.722834153382585,0
12.236519310393124,22.09244315281553,5.317650827458367,0,49.760264267881574,0
39.60660809801552,20.744779833081633,6.64172051897198,1,71.63311455298123,1
33.16734307889972,20.9261624091198,10.05401204550908,1,86.33145826849406,1
15.961470446025173,19.672155020998197,8.155086876031499,0,58.18771016990971,0
10.165663513708072,15.841863792727239,5.6390501932057004,1,49.00821473524197,0
34.463842853645026,15.357478694668277,11.022640625216326,0,62.981648772609155,0
31.205720315428515,34.75444779472063,11.036654839612233,0,72.16962977555639,0
31.87021504122962,23.555462674717248,10.964627400368055,1,92.6227685474117,1
33.13811040057837,22.686532943193633,5.910369691052314,1,86.9015767904956,0
12.22133955202271,28.592945653861396,7.609914753447905,1,64.54442454646016,0
20.753971856328178,19.365077757301282,11.879917249127,0,68.40513976019263,0
13.476071785753891,33.99922367900451,10.176099810479922,1,51.42052550348385,0
35.8931027762678,30.72690028831104,4.2173393698044785,0,70.20343199680991,0
28.698943804826737,16.78822004624519,4.521636730083936,1,53.86946933368998,0
19.926940745579476,23.35161551569857,7.711451014498662,1,74.31775574474801,0
11.906750508580709,32.58236615124329,11.273761646892481,1,57.212772783978274,0
19.329469651469864,33.89464044582821,8.309614383621714,0,51.39554137581761,0
19.75549966080241,24.348030224997395,7.982500064274322,1,71.36124822155898,0
31.88818535014192,27.268227784214154,4.843789599653045,1,70.63394520274313,0
29.126724140656393,18.340678921841505,9.254240837794352,0,62.43046765495784,0
36.616382277289794,34.82337252273953,10.576825284801803,0,61.78534004574315,0
24.166447754858478,19.63343402766887,7.043360060060499,1,71.08180158175927,0
13.58782737814905,33.85463548270251,10.20489480740262,1,53.86767096946083,0
31.39734361668985,27.992932979847367,11.715813231206493,1,83.38923283052927,1
32.82355145850693,27.154735897577183,5.630131673021513,0,76.63729720515916,0
26.83831592708489,25.25377022033017,8.18663704955793,0,72.62559127465201,0
33.12901539863683,19.613396234355175,6.297103664676604,0,61.64736121130567,0
24.81386789093172,18.530560640110167,10.342835352270715,0,63.829685128191,0
25.681984881459822,19.409724181403508,8.620746927049261,1,75.49018723591438,0
22.826230550756488,18.72876524288509,9.07665934040243,0,63.45617292651885,0
10.762573802322855,30.591689471335066,10.383313276927153,0,57.116806400844034,0
13.236742809799134,22.002505183334602,7.167763781299639,0,63.79441069945843,0
10.942875570602027,16.156853531267927,11.320720547256347,1,54.25476491953927,0
29.092312337913413,34.38205260281622,8.26423093796912,1,66.58519492249268,0
19.4306794322898,32.67571769926852,5.263638582682784,0,54.30239873014087,0
25.257120734941083,33.55504566390426,9.56719294535042,0,58.33021610199323,0
37.22699421778279,34.8981564529287,10.346090803506035,1,65.14339141605687,0
17.47876687446625,18.477904984389745,6.534093416540213,1,56.06292891940565,0
22.31148769106889,22.924840378053176,10.857434055990023,1,80.96566236735538,1
32.66653415629146,30.164769514081826,11.249146038126131,1,84.02234961961659,0
16.863944964748676,28.920412361075844,6.215235899022471,1,61.72746287361239,0
12.309397294863789,18.0779181267971,11.868171781721777,1,67.40472609136619,0
18.69254358741304,31.316662499812356,5.125692224390067,1,48.96635003765657,0
14.836638617620132,19.488811436733215,5.61612534721992,1,56.897041549820386,0
37.890929570277194,19.47635229645246,5.473798713904209,0,65.95357278454532,0
34.24361138693251,25.739488457868273,11.151917680062963,0,77.82228821291497,0
29.002112695312704,26.858798696834064,9.234340418599695,0,69.95243770793978,0
36.143817705631534,26.601724156756223,5.216834265778183,0,69.35481415562617,0
34.110162306973436,16.829736747955096,7.522587346946792,0,63.45939931144896,0
15.597101766581075,32.549217252607605,8.922384200558415,0,55.14704758688108,0
36.77676995469933,20.312000851774123,4.667712679915066,1,59.822799534145645,0
26.18026725746952,17.590298425656083,11.05933094725871,1,59.256226137759654,0
34.22320465492188,32.774961597379544,10.428828283532281,0,64.1705956687144,0
36.8827389977048,34.113029964595064,8.041654188613105,0,64.56622378284968,0
19.540104249155917,32.242552345309015,11.737012922073363,1,54.152942603443805,0
13.301557735830302,31.19032149449756,7.342087834200798,1,57.78461674946307,0
16.83805487625825,28.104839612780435,11.872882552291983,1,72.38743275841912,0
22.813233658787688,26.017147412182787,9.343359990429017,0,80.32905088171402,0
34.54044297767479,16.739735198228203,9.077370186031532,1,67.44063810577678,0
35.8219174976903,23.169064261413975,5.32763916236628,0,74.15549093892716,0
10.208563915935722,22.45377034024628,11.055422066437153,0,67.30124143855348,0
25.322419077326973,20.195075675206525,7.419917503364921,1,58.52840474508791,1
22.52233009446337,29.468402273771698,5.297867246259835,1,69.11219745223673,0
16.663234314121908,24.917514701575417,4.100860159806072,0,65.39491932720235,0
13.595961020010485,16.62092431815296,8.47804546910706,1,60.2982405483447,0
20.128455142108837,19.403664038996226,8.219196976981411,1,85.8315396467006,0
38.287291117375574,28.66517527319192,9.754828978953269,0,66.02497378324091,0
19.696087960622656,16.522617189806002,11.122064424142417,1,73.1998582449425,0
25.563718652300985,32.02413828097537,4.635252677144236,0,54.24922418291433,0
31.090568766855334,24.902930540279485,9.8519719227229,0,81.56574787008603,0
20.90888807137882,24.61173154653296,5.499295552780658,1,72.6992892314201,0
39.15346248162882,26.848155693190353,10.865416425257312,0,80.05736282532945,0
38.873418848263334,31.493619318502983,10.55250811089325,0,69.42906831227178,0
17.553468874760924,21.95618415804386,8.326350039884355,1,71.82617149115977,0
24.917455176771565,28.56032305118127,9.681942388986492,1,67.27512658614458,1
19.02634929450309,26.31463927991582,6.514800905469987,1,75.40899328323371,0
18.545214831324028,20.340565403388425,7.769343191462517,0,59.52678098520637,0
11.106608420635984,32.57259972710316,10.573095181683772,0,50.61740083343554,0
28.286930019396905,30.94852043213856,7.674121577385711,1,66.50754222152082,0
25.080370696865845,28.16903669316851,6.862386122603534,0,72.78143723031407,0
11.54436253749968,32.011634581884834,7.953699578002399,1,56.002786036902656,0
18.359393927098342,32.34588401919605,10.625994019497746,1,67.21918804545179,0
37.24797657899961,29.167259534300698,6.681664378966982,0,66.65718441077152,0
17.18685672000917,31.74026656727344,5.39009274508595,1,61.98764359270473,0
14.346846162736693,28.949429233385672,9.696112162646246,0,67.2462715525174,0
24.68358280832689,28.602815435206008,10.607825701664655,0,80.29094325273047,0
39.569513623318024,27.372227564303685,4.805099828188267,1,76.37013169783796,0
17.261658145345013,30.054332791152824,5.918992902047558,0,60.74392686722773,0
30.164066422176358,18.172102105861473,5.135775918087951,1,64.62023899763778,0
32.848588459861524,32.617415183978565,6.783531292657333,0,67.84411971027471,0
17.12912631977199,32.43687055490464,7.602807831243301,0,51.500871858898016,0
31.846490458355788,15.584945660691183,9.99061069570645,0,65.80407915850634,0
21.033493981577596,31.516335011295254,9.209180679053393,1,65.32436150619498,0
28.969174917807383,17.577397349468903,8.967428539827448,0,62.769584082040176,0
29.00589132282684,21.70237708518284,6.818999572877235,1,73.5949616133368,1
26.073240522242756,29.870165125832155,10.731580424678079,0,70.65486262860757,0
12.70869310163225,18.215197920966165,7.7702973391853165,0,53.85904318591664,0
35.05907486767714,31.359340482381242,11.832839504121235,1,78.63368164111056,0
19.623401949152075,31.64268355915484,9.073137106365895,1,73.02662980362614,0
15.595555311995627,25.149354675216724,5.010117932516022,1,74.94149363241449,0
11.223254246642917,15.127717434336672,9.409420496603472,1,59.326965699384495,0
27.726788295647253,20.740762663498256,6.600832123453592,1,67.96847002988117,1
30.326930855268472,27.338538367514843,9.49061757348878,0,70.2761109116961,0
10.497634867835684,34.62372356054847,4.557129185299246,0,47.61356688195853,0
25.36279174897843,27.636270540333367,5.399051497407675,1,74.88766600258298,0
16.79487325593814,20.196071621283195,10.84589807124629,0,72.42178035615981,0
29.355183712283495,27.680114061992228,5.817436456188119,0,65.02361528659333,0
15.230992870149743,25.79970759431711,10.696329001943521,0,70.9128314725542,0
30.728132143073978,30.59690790302287,6.2342087076352835,1,60.324142514317,0
21.602060389016124,17.139612776539167,9.14305528046966,0,56.832483137986515,0
38.101899662102035,30.22055805004056,9.553204588078648,0,77.92249316598512,0
14.125628324379797,25.825331573522206,8.101238025160423,0,65.23153115674513,0
20.231990531507755,34.259840077179895,6.44248541357385,1,59.46244220775898,0
13.404205637217672,21.837443320773723,5.701155010968769,0,57.97620644662038,0
37.74080854835688,27.652437862678962,4.26551483649941,0,71.58408594467743,0
36.32018060142943,33.64056211020035,6.4315712099257905,1,59.787865946124356,0
17.73824883145467,17.050194559813583,9.225302324250265,1,62.2335142698994,0
29.79952138102537,33.74456974472902,11.506438547587862,0,49.71459916793282,0
34.51666600603647,28.757714446016266,10.969635858104416,0,75.2628771073324,0
26.65602434798387,16.356741182103438,10.12851821228242,1,58.08190563804674,0
25.889517350680194,21.019271338936324,10.30757874602639,1,81.4746420549864,1
17.25556872701355,29.16344177290563,9.319879227807963,1,73.16775642323,0
12.793083034176977,16.347012029375435,6.082294860528024,1,55.547362776461796,0
36.9164727385998,26.643409203525465,11.257560245646639,1,94.66278946651582,1
37.01254171489991,21.917661139059135,9.365858495246673,1,76.64579827431405,1
28.993043718198038,27.418310355349544,8.48352504784352,1,86.12200470974301,1
20.17089373146102,15.914840676250257,4.887915753707849,0,53.907959670094726,0
20.476287238379825,32.430736123047524,7.576444350451403,1,60.55856146267725,0
31.778670366107182,34.46977938354794,7.68286616961541,1,69.15217640629555,0
36.913307798577314,34.37755710571383,10.91650887618136,0,60.54483544007488,0
36.61259272795352,29.993036634858495,8.373185761502308,1,71.75743092887487,1
33.396266375728715,17.60172480261264,7.043204391763277,1,64.42344076453605,0
29.26094938462863,30.16526391858045,11.814402628085276,0,69.37666225696124,0
12.524198949851465,15.49173832917603,4.885764746610525,1,44.29143503939232,0
14.848861422838413,15.442471030579945,7.380387426495557,0,55.49536924779906,0
36.956625655812374,21.472204382990824,4.336197401371242,0,66.63274569409555,0
28.1928717897877,24.772863808093316,9.919232966135443,0,80.28353780206804,0
10.27591154849889,30.408148356155863,11.344612417593204,0,58.48682085625913,0
13.044146285980963,28.665907532130102,6.2402986364039155,1,54.447689530593564,0
29.905053073241675,23.918054127534965,10.866733414392968,0,80.43902170523734,0
10.15184751538656,20.472533325633318,6.337745843695182,0,45.966334297403804,0
14.824241542524959,34.94249000315422,11.286161293151322,1,59.11321247425368,0
26.462013680997583,23.52362604471946,10.031695228774272,0,68.48422657893506,0
30.756855930780798,24.02774048659351,10.439254214731509,0,89.02917025682872,0
29.558837785078016,18.272476423833382,4.144052444803636,0,62.09726401828483,0
16.728079283816793,30.89619097499859,11.702482856592209,0,64.65415093315693,0
31.365376640426074,28.873644515629774,9.813367936562585,1,83.97398458207071,1
17.117472624904003,19.41539225577521,6.4380087630890666,0,52.81495408130734,0
19.76199094477803,16.647620912316853,10.635157318870775,1,66.84637016867936,0
32.394742153540726,28.609986041494263,6.25216958731944,1,74.35470554335456,1
29.48898697141644,28.090224285622703,10.982030716529025,0,76.35719139592469,0
35.47670231482534,20.465190539964187,4.900643123295496,0,72.38146442281814,0
29.7283867690103,34.01727124500821,9.629487819686366,0,64.93634313791729,0
27.049258100064147,18.021157835618006,8.325587813159283,0,63.49894475513213,0
12.810243034842774,23.646696020852037,4.7722757615635265,1,57.58249002032926,0
21.031474091783007,33.872318403351976,5.935150626070712,1,51.87359470189631,0
17.956071030451763,23.394546338522446,4.099232290218518,1,66.30243195961994,0
17.319689301372506,27.770518953281712,7.750143723716047,0,65.21088420108016,0
39.190316642573364,22.951887959255885,6.410122086080003,1,74.46309874554882,1
21.792931740002814,20.4843040469734,8.78685987438207,0,77.10374715341342,0
36.7613966553134,34.67955295919656,6.3779024616689375,0,66.17041637803484,0
28.934158779917887,23.18668012630086,6.3993528920558775,0,73.4500605826069,0
33.84433910624945,32.881984073582686,9.945545589852827,0,66.43670409715732,0
25.079112793155762,19.599092117821723,4.385142687826828,0,57.254409814455805,0
27.307116538790773,19.262094080501665,11.223159961535899,1,69.25289407259139,0
24.77553081456592,15.622681657690228,10.818110995129452,1,65.24769780795191,0
15.857289633941335,28.033336507517703,9.342437465811251,0,67.16439070136589,0
31.67356345784516,22.370526874475225,8.745772560859074,1,72.48769144175353,1
18.423170873225672,32.28716499679274,11.138419985117217,0,63.015767506927666,0
10.729478992943616,24.464198133831143,5.482641436229716,0,61.740802674354924,0
29.364168877215036,34.363868558294435,4.631753297526629,0,43.36293947892164,0
15.313320382211469,18.71051031406242,5.916081359276305,1,54.649877804247524,0
38.21375753058743,32.37246335911222,10.356626229601522,0,67.82886372436334,0
38.617857310077625,30.531937055834835,4.277362133811867,0,74.0995360307879,0
37.44593170661346,30.41843689288104,8.662454680667917,1,78.66253971121532,0
21.10476100766333,31.895664562337753,11.96350012953048,1,63.02889372795243,0
10.463698495866023,30.220479818859978,10.845568750700316,1,68.48942418335172,0
37.84955687763176,27.524406432628307,8.171565512348716,0,68.39679389739052,0
22.84552444951943,17.624897553647752,4.509127274293139,0,58.8497035129303,0
38.999644571310085,15.650523589825038,10.650988115085678,1,69.42172837884424,0
38.90859931267759,33.41695695631374,8.791828065417684,0,65.33994689814197,0
35.5902836640208,27.33300629041476,4.919463976476535,1,82.13730845360664,0
18.83346676208757,30.930745819523526,4.75085827858685,1,53.24571131695575,0
21.552931858057757,24.630447030251002,11.27701455549274,0,69.96729089720503,0
35.534100145505704,17.346163779247888,9.353602103504628,0,63.57178415477555,0
19.50766015468833,17.50371584405101,10.634294394534045,1,70.90459761234384,0
15.084782400582775,28.711305744579427,11.03183120225814,1,64.07079613713553,0
26.704037873750504,23.606117897989254,8.574178816386578,1,64.26474496688078,1
38.08464322482343,19.010494534006735,8.13957081404033,1,72.01687260944068,0
30.88089390024919,24.83189093482874,7.4434192825679215,0,79.02806174318854,0
27.101835102680948,16.284178741502682,6.535572702328954,1,66.92394283653341,0
12.915294813123056,26.639428038287974,7.476767686869694,1,67.07813604986313,0
28.45021680097509,20.379868088701954,10.191037245841251,1,73.21426741107332,1
39.7016155031279,30.951182012743764,8.815387448121053,0,76.94102856953674,0
14.202520457095721,21.207239178471475,11.140186319638769,0,56.87730956647186,0
25.549889570912104,24.104402981636024,7.547040115033502,1,75.36170704536332,1
36.32119215783867,15.232410798162013,8.856716629750032,0,62.86261206949369,0
32.22305853262613,16.448937755891176,9.05046042473591,0,64.83118902162445,0
30.91047222985804,22.849871128133696,8.733577298450605,0,71.70631085291791,0
31.07452251961328,24.59877669434247,9.62107018468413,1,84.33862498404697,1
20.784734536592655,27.000410962386074,5.89946774699845,1,57.7991101969569,0
18.8077553279348,20.833251574186065,8.098910220366324,0,59.92750408121977,0
34.28083466435541,28.89963772253085,4.833798422466781,1,73.85938308358851,0
34.30340184037542,32.202447943784094,7.0760906211585,1,63.44947079308387,0
36.01216955740311,30.597019777866997,7.901336548970115,0,68.95897115437072,0
37.39721657669414,15.792376506967143,9.21779407636378,0,66.34441492084052,0
25.340271965828133,24.610138945156578,11.604248420689629,1,82.58404049997283,1
25.045488840615988,17.098603568363497,8.805208532386846,0,60.780083210598114,0
33.948855369003255,19.84090031725055,9.948751329412477,1,71.76569248669838,0
29.498917923332954,34.73325186534293,8.050128475961621,1,61.32509154644281,0
31.0590063177311,17.849910858030263,9.07283225101065,0,67.88965409938817,0
33.873780083083034,24.97776306902712,4.567457729070187,1,79.5284675780432,0
36.70016025452699,27.363114686362383,6.035132646734776,1,74.74389337682122,1
20.139854705546075,29.049299410882078,6.89482474564111,0,63.43464767092451,0
21.26748857919832,26.192973669738283,7.779946840052109,0,73.49076616338384,0
12.819458195226069,15.195416948383674,4.36518996401907,0,33.0986415475216,0
27.34840422988522,21.529226164879837,5.1201927804265415,1,75.20831394012158,0
11.078268213902263,25.35423286769423,6.214514462330446,0,62.471166371652984,0
23.967940543973803,16.757329982896668,11.772261527208405,0,65.28447219479399,0
26.2793390412273,22.012538624183616,6.650776056824406,0,73.12714547244363,0
18.596237563848533,15.66406217582733,7.85632846489666,0,45.55236734477158,0
27.724997817070324,16.571569943100414,5.5687817019071435,1,56.81160633545897,0
10.915007498171484,22.938465524031923,8.886240568606146,1,68.22105217068028,0
11.120445662476433,17.654315080861206,6.245465724127794,0,46.31828397353018,0
34.67801681978975,26.350816965231164,5.655940627507414,1,86.7959682998777,0
20.805719242337886,28.789299382745316,8.132581027567833,0,60.73927192789609,0
13.811815379556544,31.011733982181656,4.044046393283367,0,48.17077541790568,0
25.667297801644132,19.003004884896203,4.061312261193803,1,62.95357222042006,0
33.09980659295832,18.349651645181396,5.752550472814862,1,60.867284665683805,0
16.474630824905294,17.091356806688005,4.293770900006569,0,46.88228181705719,0
28.686714274570008,27.728604990872732,4.864206033045531,0,67.76972251135871,0
12.560423949813039,29.129514529738024,6.710885194710013,1,61.423208685582935,0
11.55045163505823,15.63172289651284,10.420685436638504,0,52.20276547101281,0
25.94063894704444,33.724244924873794,8.576389146954407,1,60.73975278196439,0
26.219053648303195,16.03942567302945,8.10134180765133,0,49.76803933578366,0
29.122897044946196,25.82592670602141,6.347910585664973,0,74.03942704562394,0
31.782740011679845,29.18121038901833,11.454029755462532,1,88.48465921923327,1
39.275562383876036,32.41938247492171,7.176120329897533,1,70.65520489085809,0
25.48901044903586,29.281738642648556,4.696742134366172,1,67.35246172700782,0
19.688694188237378,31.034561661395838,8.93653212894241,1,69.64363574032492,0
33.85558584306111,21.789003850856123,4.910707147812811,1,66.52520886222852,0
18.124967537862226,31.296502274930244,6.761785142413537,1,70.12473022333896,0
23.169142621169083,16.6022969276935,8.059295509742471,1,62.889752412699266,0
12.353691440267978,32.89633312121055,10.993780197481406,0,65.03413426938054,0
10.760522302463725,25.951847523074726,7.948372642720949,0,61.733960091543885,0
38.87945244033775,31.345955399249874,9.618070128253315,0,80.26523022683823,0
35.079403615366175,24.046365690366002,11.942534711992563,1,92.42201272657785,1
30.87922618281094,27.8715539039305,5.051912959183853,1,75.03957515158204,0
22.268588332428095,25.528053218722263,6.197852204156156,1,75.54508830676949,1
15.198829602125373,29.631790435106637,7.156608604781171,0,57.82810374764892,0
14.693111280132582,16.63259964061179,7.374625428310651,1,62.67635135612521,0
17.50728694493786,16.207041679811276,7.288168602124366,1,57.801779084518266,0
26.476799941183614,19.94206468020293,11.26088802045244,0,60.178512843740556,0
31.43787768100187,18.190893602263767,9.71226115573485,1,66.08318547009574,0
29.80592130153194,32.435671331844034,8.86324171272563,0,62.39725179520261,0
18.398016908378285,19.384279747160885,6.474981742902257,0,59.230035478692066,0
38.64595841989582,34.51730511638262,10.590323073770357,1,70.89091114333871,0
32.13690750087306,21.737915835422136,11.640484091879912,1,88.09986550806899,1
26.63062157534202,18.642358313773986,10.569586260401813,1,61.69889748562858,0
28.351622387030567,30.79397014284958,4.012520841531783,0,59.3245918526396,0
22.588001872833697,28.17415551001752,9.091210961467256,0,59.49261023164692,0
17.431929685034724,24.96391432906278,4.409083051536806,0,69.05597955536898,0
20.67918035953785,26.107271018752623,6.060857762669775,1,71.74404121405831,1
32.735383313931074,29.384035565445277,4.4761976027821735,1,71.41196679036884,0
10.431804658892677,19.569094826625975,8.830363623595101,1,58.28022261514211,0
13.482179215207488,34.92667832113484,9.492719307940854,1,62.5241365855341,0
11.380079260652582,34.49586324293566,4.915901104527241,0,49.280788121540084,0
11.221864069569104,28.00651372693874,7.070711064359836,0,63.12169269250627,0
35.66381752033022,18.990849018582903,7.649892071644336,0,66.64085867048021,0
31.109735781400712,28.604564848625827,6.952424174087333,0,71.67366088105535,0
24.225214872619755,16.443968179583518,4.968200003881544,1,53.91838096136249,0
12.935024819530044,15.613050044116122,7.351582321499803,1,57.998764275350524,0
24.748476253504972,20.153657770224275,10.009424382467344,1,80.94309471252166,1
24.20415312341697,24.252459134786328,4.568061316266044,0,72.81213960557615,0
15.196056097300456,32.36545010816761,4.641440112655228,0,46.18127565226081,0
23.015549477139192,29.54338139532616,6.838170334687874,1,69.4853540363146,1
21.955142031921202,29.85413042399962,11.5338056929514,1,67.10431098859522,1
28.475502941566493,23.50986668896151,9.348581173783312,0,78.1423081652596,0
29.052809526029314,21.91869985093926,9.42935965338052,1,79.76086100927665,1
11.359120293161336,22.420775259692054,6.89535992670292,0,51.51506885835833,0
21.238378438794136,34.752991274721154,8.749286329668308,0,48.42821694489541,0
28.77579747142709,15.80218382824965,4.081049472221947,0,50.698146116826926,0
25.09408775740263,32.34062992244897,9.088768371276338,1,64.99463785501376,0
35.69469523564967,26.57350817144787,11.306295580609895,1,80.61238996874991,1
29.76080894856835,23.77230838379181,8.900587746758553,0,77.72079650876654,0
14.88803281244289,29.50515320830273,10.98958874773076,1,71.17546115591469,0
12.117062422012895,24.733378828494057,9.791784443728751,0,69.2416198736951,0
29.27257834618947,32.468464761633214,4.964467331229522,0,53.36710314588078,0
10.795339316248654,33.01403728022517,11.219626458286733,0,61.44257041718691,0
27.5732674382039,23.434418537469107,4.531550754846199,0,75.72983249175094,0
38.20690724274873,20.536555944701032,8.27173978038211,1,75.1663677621169,1
27.26422533627637,26.847006571867244,5.137096990347661,0,64.58291042415108,0
21.645097786195656,33.24726691233382,4.0936528858472325,0,52.92453272426103,0
29.298646553270594,19.21324378011333,7.376274081021112,1,67.35007505965869,0
23.7475867147455,27.459331671269656,6.36032566123325,0,65.79863250336714,0
26.36850367947805,27.63120440185041,7.888003950380824,0,73.4521147202328,0
38.24394426329575,29.66226044830562,8.617599093876407,1,68.17706943831477,1
21.583079134023226,17.631353702545198,4.349912578471579,1,64.17062746407272,0
38.83571691471742,29.316499293641773,4.984026360989965,1,73.62430203320683,0
37.160519258681916,33.18065041331282,8.469139171603402,0,62.86520183730953,0
15.873734043678894,18.593662177404838,6.745338825381266,1,59.79602884361377,0
12.080839026254964,19.750866498477553,9.833387900395584,1,65.10438113577855,0
13.0233400413228,34.42790188083279,9.218333188735517,0,42.82735952487447,0
10.546654769546493,18.619539054189794,10.764834903919255,0,66.1343489862979,0
12.833288822677853,32.08770186739158,9.539942613353801,0,56.757782757939566,0
30.490203202490704,24.845557128960696,7.439448619121185,0,78.31039944008539,0
12.13565945380687,19.94462148806354,9.38373297915546,0,64.79042102463391,0
19.569268908812838,32.41499802545023,6.203049394043348,1,54.15340020676947,0
35.34625932908364,23.90610510005331,6.450507990225701,1,82.52846134516314,1
10.698158072074776,25.296347078593804,10.311881279366347,1,73.88600134340533,0
34.43405447766807,22.184667387995315,7.571356131212657,0,77.17725008772612,0
18.455643243201997,26.85901702869855,10.38704272414682,0,60.45421454866666,0
13.544944828649687,18.270477451700454,10.579378989346228,0,58.68702430053875,0
30.902114960924518,22.821630733035214,10.86049870129027,1,79.37096371954829,1
28.86828540339652,34.38824644670575,11.333081886729659,1,69.81858739155203,0
36.32416040581159,20.16266865402255,7.44788176410637,0,72.00946109395146,0
32.05213131411657,28.134733290825842,6.550934546569111,1,71.04487142115013,1
34.10442791154546,21.503801284493896,8.65758997275291,0,69.48533216300967,0
18.461037177139193,30.46946251373201,6.969379387501021,1,63.19233579957046,0
15.323186313391684,17.617473214366996,8.808593334401863,1,56.62621845045659,0
32.51844254922575,34.39642090157089,9.644686901150596,1,71.14332830045763,0
34.20504217801792,24.075790827672783,9.507240147937095,0,77.66892696402294,0
39.7151542600202,19.72100926692928,6.996423096160971,1,60.25928921150191,0
22.378530307342793,16.469934946600254,5.3348816135900226,1,55.25734718414791,0
21.160542573783495,18.395158101750816,7.44423470769766,0,53.344220447720005,0
33.2923888222599,25.395478971120355,5.14075315265527,1,70.40998712056742,0
20.224106207590534,21.740063528625726,11.120776281470466,0,64.08621139213956,0
37.922719768106944,31.57766731765219,6.767019685902859,0,66.50359713676824,0
35.75238255529035,23.617750473236118,5.23567797778659,0,79.60841333203845,0
22.86982082125055,19.9742854517526,4.203582079246007,0,59.25477680232439,0
32.52613203374492,27.3428997320806,9.166579090291874,0,72.29461824707037,0
32.63628622254047,29.135544337708914,9.095218539637946,1,78.96940322116284,1
13.093716065077977,18.340838158018997,6.724833332650333,0,51.02033279645753,0
37.076587200387,18.35238432576635,4.573695110781208,0,58.63060307208229,0
25.157571173435713,15.733428538670859,7.277031159161856,0,49.18937606163743,0
34.79372398323225,29.72804030131281,6.489739960507149,0,58.916247295992626,0
19.601488030918354,28.276090552436102,9.416965117880075,1,70.42439205460985,0
36.86569685488601,24.492617514996276,8.846233995621523,0,81.4777019004685,0
21.676050362024892,31.883408979383944,6.91674982558032,1,61.96321361054059,0
10.32512954440895,31.113403059001065,5.743140434039921,0,49.47063466552543,0
37.16145929257791,26.707087287935042,11.904287729244736,1,83.29425636080207,1
12.738600303584008,32.36542561026517,7.632012969568919,0,56.12769934403988,0
19.579409127712445,19.116824200735365,9.506193886241896,0,55.69698419495687,0
38.50185901152415,17.23839238795456,5.124423740626886,1,70.29448946182889,0
38.51821440812668,20.394992230339792,7.884717597275182,0,66.86508296602207,0
27.203136643698585,16.141737121786296,4.220293758955724,1,53.453307017090296,0
28.95511636509398,25.62339056002064,8.043640943283599,0,67.96231252435271,0
23.453365659349593,33.73211384589923,11.712139256941619,1,64.3236532888606,0
18.796323150941937,15.786870813370193,7.073653703886402,0,56.458946050430846,0
19.85993636109748,17.442198280200536,4.311968100599293,0,53.860457334068535,0
30.175553682311154,24.043980565668704,4.247646327354748,1,79.43931802366528,0
32.5712358831304,33.6775003505581,7.103894079574956,0,62.19717108948112,0
33.74737131177545,21.32312209953501,5.280199491705552,0,61.921879949864234,0
33.68854428383662,25.144696173767848,4.186816770625487,0,71.18115882868305,0
12.736183091460711,15.831457181007842,10.049708911601414,0,49.20457362956085,0
24.832609141077445,17.966864019241775,7.6681840710551255,0,66.50518323580016,0
11.726762800499328,34.73260245917694,6.313958175781236,0,39.88517051343609,0
26.485866469712064,34.30237392872091,11.200665464131845,1,70.90767202055754,0
23.24591504120131,15.098799618688192,4.929111681604205,1,58.678993630927195,0
36.63112548274899,34.03623570846478,11.647350631642553,1,81.8622182804892,0
20.52745037656236,27.78239875631001,6.511733739018823,0,62.41809532104191,0
13.512010492828177,32.35836589040044,11.10722937846945,1,67.2617283312182,0
14.289750461585076,24.09479711267718,8.823543011835692,0,79.97804315659465,0
32.84531895152417,25.311920571585006,10.6136588779319,0,78.63109826482145,0
28.54654189948783,24.776931605138405,11.872105305683714,0,73.9600908808845,0
13.033680283683708,28.337285150922085,6.307243502549966,0,49.90308492428382,0
12.523204183449923,17.793025095126257,11.689083883260743,1,67.94483825117526,0
31.0290739437736,15.599471797453559,7.115855159219363,0,47.97151226533005,0
12.182890190925805,21.158598831823817,7.0840952378953785,1,62.173190351264,0
34.65580177871069,29.093615254732935,6.7230968340360455,0,71.41188156613835,0
31.187266814694887,19.037069042458967,8.33126085878068,1,72.09054046458597,0
12.440463419256993,28.468648666498346,5.233160345427897,1,64.2598992156945,0
12.545131422555757,34.39824092214541,8.42969188286409,1,56.23207097028746,0
39.59918735503526,16.878014315788366,8.333638499280031,1,77.45040912458137,0
21.22812387268361,28.452042364502525,10.09521450083896,1,69.09121705490122,1
21.11926441200673,23.875004386091423,10.669199695500684,1,75.92846482914457,1
34.383987017725076,32.362845087550106,7.523530802499392,0,59.88830231115729,0
38.41745732151576,18.542995788947717,6.41866599481195,1,75.07367829018429,0
39.580031914686124,28.85251904452329,6.074679178536756,0,75.69898957807693,0
32.60134555776825,31.762305792962206,5.5569906936389755,1,68.36767383001072,0
21.287787565927474,33.892284389480466,4.461180657592199,0,55.46856432484074,0
12.505021500960062,28.664960565792917,6.739583830677707,1,58.141761028028846,0
33.3144074778231,24.943495280168545,6.161981537046266,1,89.12328716257372,1
26.752127492074152,27.356944804024277,11.731339086931259,0,83.8753758769467,0
22.726660277409287,32.37809968957436,8.46167061000035,1,67.97774666078517,0
37.19063155284208,26.412194932776593,6.77821631224406,1,89.84724492308924,1
13.33592446918454,15.607741193936738,8.643740807949568,1,47.56593979600123,0
24.778753128725775,33.61897391013956,5.113573610765564,0,50.199548478918864,0
10.340609343022573,28.79053502063122,7.552349993617623,1,60.241242317265524,0
24.059819259823787,28.53026771554493,9.00987457136851,0,72.09158267466152,0
11.689098270455121,19.31350304795434,7.911182654339611,1,56.08762551463494,0
13.564537488042157,28.177709404653143,7.214230405234594,1,70.03567128925413,0
13.525787403313146,22.877288113083168,11.950787111197585,0,77.29633131460285,0
29.476309063481906,28.02465954082984,11.042518097191415,1,83.72862709628838,1
32.3813463779627,17.131860606159815,8.987247665275522,1,70.35402101752177,0
27.50106295291479,28.15690609206072,8.555018889458262,0,65.32988092201961,0
38.865176454236256,34.98827451541333,8.965283838596672,1,63.66971012355965,0
21.246117385711123,15.96424077721112,5.610496862579466,0,57.215380067630335,0
18.571362588455823,34.54348368442635,7.161101946114549,0,54.837111864073705,0
36.05797384568381,23.138159214457414,4.3156762631271945,0,70.5837221495598,0
16.70787515558358,32.415069006745185,7.804368299894613,1,58.14080428531389,0
38.89667618321834,30.64770968116547,8.344196671661305,0,60.540174371213304,0
10.36463424069449,26.340325219733355,5.821997888825677,0,55.880401420696856,0
39.09636480122917,29.76898418502653,11.712230777324109,1,92.13565563224631,1
11.294797358517283,32.57031122602696,11.275636887497935,0,51.01795370343929,0
36.73429341094213,23.08280643302066,9.777145883647247,1,85.14587750308867,1
25.831033272588996,21.540663231264773,8.2670930301229,1,78.43470250998439,1
39.78894388357901,28.351867711271694,10.95975327718148,1,78.35575309500689,1
12.213896942061966,31.15691883882517,5.045218750587703,1,57.28449129316761,0
26.615628532039622,30.245702695532316,10.32407835419908,0,72.99210409380709,0
39.07907606857297,30.956272977172688,4.998566511734786,0,65.18733845707953,0
25.692935325104465,23.71166629625866,10.353685300395243,0,90.14234348399627,0
28.881959144057877,31.35668432350043,6.206140546010856,0,52.69382544965338,0
30.872460669538516,17.404181107412168,11.016724648145512,0,72.06332217123126,0
23.636231943033195,25.88978195921699,11.552336750603182,1,81.50304849200508,1
28.8267424025219,15.115173209962432,5.190367755240925,0,56.288870028230576,0
27.529429357693008,21.491716598005407,7.701404840523148,0,70.50679089413826,0
37.03474031472967,22.329230697427956,11.84789902530148,0,77.28189910462298,0
11.363391410243736,22.923453832185107,7.867259487785173,1,69.47447456346654,0
18.42889568776691,28.909344133797244,10.90838018011636,1,63.468822589472076,0
38.512344522296765,22.771162025406916,8.709852177050559,0,80.87951208039502,0
36.70791351672749,23.973872452450614,7.002639263356815,1,83.29645288825282,1
23.66970258357139,19.75088261748655,6.286268444206962,0,63.95932003628475,0
28.603977934046103,22.4650358325868,5.625784728688698,0,72.96132935066545,0
18.32143548943398,19.54539254526303,10.094385531021578,1,70.23118033282397,0
15.64363479171284,16.46391847536887,7.092324054584223,1,57.128587527461875,0
23.910952148199463,27.068971867627557,8.09020369760601,0,65.54749620194717,0
20.600566840781585,28.364255971100324,7.938603840009455,0,61.918573419959074,0
27.509683355526164,27.38980692019229,8.61823223386505,1,82.83624928906274,1
12.332039108949544,24.26988087601145,10.924617164996418,0,78.27438408252219,0
39.23184422998499,22.595715603584598,11.845914748667436,1,86.38567326360257,1
39.586322334388086,32.26667299143651,7.2606736685905355,0,66.3808394234732,0
30.944851420592354,25.38163570272436,10.620151376850425,1,81.11630949515425,1
26.082890990323612,24.58363755259462,10.116222357237742,0,83.24683836254489,0
19.285828488589832,15.512841316128714,8.588231611644586,0,56.87802841247811,0
34.41385059120846,21.824956552523126,11.648377148895465,1,93.03549130631242,1
30.541935176616377,22.60391237571714,5.603796124227222,0,64.49287114018462,0
14.878508180346738,22.976455617938008,4.874113682476971,0,58.81329635467375,0
37.32781553481527,26.603447384546644,10.831695735643377,1,87.86178621440727,1
34.67611728769507,25.67205093453757,7.513198533069986,0,80.49620226300623,0
38.49399739875772,27.158101855868892,10.775750833656485,0,80.01608305038764,0
31.771585251650798,30.297665230842565,11.144721641563319,0,67.64273917421674,0
28.402455878073695,31.25971477432187,4.4996607489525715,1,67.83832715843982,0
22.547291088718566,29.362461524529888,11.067718103888485,1,77.75597646386014,1
37.9818545006204,34.110473919098695,7.5865524429553775,1,62.56843757372726,0
35.98191668501225,15.364651653527233,8.083459912033858,0,67.62266552313886,0
11.356560103185682,18.915559713670923,9.012740088745682,0,62.87950315803623,0
10.79100923491756,15.151257499562842,11.411060853840695,0,53.48609338358447,0
21.29390100634149,27.94949428309206,4.152928755438112,0,61.37534438202397,0
34.31659992345499,32.96061097899974,7.814747746542537,1,70.72948847912136,0
39.618283879448335,19.869645931525987,9.501776339444486,0,69.4925829606616,0
14.512506733105845,33.54069089592613,9.781655661585827,0,54.997512462899806,0
27.823921460564055,16.205347805791217,9.540259452296864,0,49.87112779726385,0
21.426725698930646,33.68872053611029,5.075481035264975,1,60.33142155765689,0
39.0974319344381,22.03245374479269,6.39516470697345,0,65.3989044050553,0
35.26356769407126,17.02841656898433,6.869724203336108,0,69.51030243215345,0
35.149861141334135,24.71743518372651,10.43549766143604,0,81.0124469604419,0
24.06079479384911,20.13553135441016,6.230078979316424,0,60.58824366506363,0
22.444585070129957,20.697458039238455,5.685639710937625,0,58.006998649525805,0
18.20221215792119,21.14579929852573,11.65958415230477,1,72.44188653485882,0
11.691264899527813,31.060517956653268,4.070906280907751,0,56.92361268355918,0
35.941671287651594,25.78322553350509,11.982566845455825,0,71.93919156232396,0
34.387030273902326,21.226153983120074,9.414570390859165,0,80.152505619921,0
39.991530198583916,27.206675666218366,10.627754395592937,0,83.21416276575317,0
39.899105112217164,29.32301348446387,6.356955170769545,0,64.80385010404909,0
26.662951168078823,20.452480014670677,4.11452222133648,0,55.031656980139296,0
33.06962245541531,23.27098203050703,9.90295614849224,0,86.3131746475011,0
38.34297189647284,17.43772186673895,10.673156776005406,0,65.32913044600876,0
35.48942172032234,18.622986990693605,9.923809055628153,0,64.10964587201082,0
17.42044305229593,28.622357079299658,5.142802298406709,0,64.86628352698236,0
23.516324059302807,18.62876695391254,10.027423378055753,1,70.74959538598968,0
13.87478245454485,25.503267673341202,10.151382256861128,1,71.46830138319972,0
38.62153081776167,29.180925234448654,9.26832412536044,1,80.93452600504727,1
28.1852390335264,17.137538461894877,10.12892746236469,1,63.4323242158986,0
16.859284165103883,26.346244392578072,10.767371517421857,0,77.3923175656416,0
30.151020532175703,20.131255674027276,8.908832913899667,1,79.00812580935758,1
28.543847213736875,34.258537504751594,4.7088377117574325,1,60.478136159111116,0
20.744881540985215,24.670912934398494,7.901022477337687,0,73.37410566153122,0
13.40672776598887,31.119850995503164,4.6211946773728405,1,65.20139453238424,0
30.14719586778399,26.004530843125234,7.260344248259447,1,78.95348425697182,1
25.6092310271138,15.868250657096382,7.256851913005021,0,49.51702407015319,0
33.16955175206918,27.663027511880447,4.528078753121933,0,70.29820854611813,0
25.604905033359803,34.02806684413314,6.7905642717558345,0,65.36240048373294,0
35.56544500955621,27.032236402926625,4.887984790330519,1,70.97642941849136,0
26.557205163234567,31.383777188535802,10.465881680073778,1,69.40255689118642,0
26.828139146061588,32.68412926696816,11.581504207715767,0,67.5002975411754,0
36.29960807975035,19.56159543897865,4.578531802063509,0,63.87126837589904,0
22.104485986371913,19.240896798164535,11.64092165833361,1,67.08390117512887,0
14.020456853519223,27.219619777019833,8.18061279469396,0,70.45119734591324,0
10.863480289400169,23.220569396134096,6.396525423630991,1,78.06787068250107,0
32.65411767020857,31.797226057334406,4.614896602209308,0,60.63560891886897,0
28.60928654060394,33.000462467960226,8.004994144563343,0,55.790868102546526,0
31.122393042976707,22.068427586054362,10.356124355925989,1,72.48743560221868,1
16.388924845267322,19.73741117948964,9.656691818133584,0,63.444202414919225,0
14.091144267603093,30.610510304877238,4.40180809171179,0,57.94665037819605,0
10.436339970036459,20.49612071096272,4.583214682943228,0,55.46107216383542,0
20.51762676419791,31.45228637027357,7.222986261061097,1,63.1767008285492,0
27.697530605638992,23.474765072975256,6.362323952383546,0,67.3954231183988,0
21.76732135299197,28.35099798582941,5.859074584448383,0,57.5094584179193,0
23.124247660711873,16.910706276693364,6.248035991269709,0,58.92934700227164,0
37.124760834812456,27.47718649353146,10.427861946375078,0,83.81865845683386,0
20.44766401069901,24.035353574744583,11.43382442905483,0,67.71662686496725,0
25.419684674794325,26.732169263509483,7.240821556220531,0,78.0559310356124,0
33.50959038223429,18.36028415489727,11.248888017059976,1,78.21905163097165,0
21.896283469638107,29.737474898883644,6.571965609983056,1,73.32911357775532,1
28.662601006836205,32.25594155086457,7.811495890750333,0,54.82602249538889,0
35.87091126240235,19.334796001815512,5.808231982527998,1,63.488274831547,0
38.485618709729266,16.914291110403234,9.123808337406752,1,71.01225753294474,0
14.412204427871139,15.472771720926728,11.831848921398471,0,58.4133411723627,0
37.79762875484483,27.83943000886532,8.82794476834703,1,90.44367562684712,1
24.763488792386145,27.141880721775614,6.862512672908391,1,76.92214653108009,1
17.74733164896875,25.9339482542814,9.182539567924227,1,74.56617228374775,0
23.77407268714784,19.638941922319507,4.9833654277231005,1,58.50812229146812,0
39.40097725856431,22.818119918110295,11.109272642123189,1,93.15064029228327,1
24.77854281978609,26.88952670372346,8.024671606238691,1,70.82369828305059,1
19.862548308625247,24.93533717718339,7.5947979363171365,1,84.33648818701673,0
29.002025629501773,34.755710404297744,8.686918307628154,1,61.598046219565084,0
17.204368563345792,17.72879505113466,8.99827090231522,0,65.51009110050431,0
12.275899843259918,28.902891080951875,4.574206449812104,0,58.588133884740756,0
13.866391657319477,23.086375362085843,9.460937769787218,1,71.61237576029997,0
13.841375168733173,23.563992298512296,5.935453442524237,1,65.3548704860469,0
14.55708080536883,29.351955313163526,9.711621060052718,0,61.43752197970604,0
14.164815179482304,28.84872302648739,10.580278355073574,1,72.39696253125291,0
29.226242344096438,34.825119874043764,10.431668060420161,1,65.9961659956795,0
15.456402531974344,17.567885789082503,8.420007739263113,0,52.52492741270332,0
20.370018499715897,17.082192987683328,8.16135913848601,0,55.76327688136546,0
36.90365229718036,29.486776342574824,5.143007690715294,0,67.58567014810922,0
24.21884920788617,26.56773834012818,10.202769203225085,1,68.63443125645028,1
30.026732155630814,20.48321333119612,6.171275043573715,1,72.52754587951172,1
15.169596136048895,16.588387379779732,7.973563382543572,0,47.823311777815235,0
15.768670564260123,16.71316499192861,6.274192743420134,0,44.95529236508876,0
11.226058487994365,32.883817493282365,5.070626903997545,1,44.01461287787522,0
15.068051892164936,18.83734649437486,9.036461575133892,0,49.793948808193576,0
18.357710170958757,21.467431242310415,4.434656278583231,1,56.988464472413604,0
15.310314528302404,19.53312804453976,9.9891618730096,1,63.160051374592676,0
12.661076012711668,22.099926116638745,6.540694362088933,0,70.10772747039957,0
13.619076133018025,16.38847685492187,4.001077544035883,0,42.95870971293055,0
23.823363040981775,25.38119581816541,8.089033113897838,1,79.17159008634698,1
16.190011552173775,16.3522512718443,4.374815268220825,0,49.36413815463836,0
20.928095831442263,31.007130156447232,6.209356462567196,0,58.41914822775671,0
25.102518125645705,19.67424163820866,9.65581189964573,0,65.9962428850788,0
30.71184485888096,25.800238292090214,4.501516972974927,0,64.53125248672623,0
11.179364195232967,32.60158175122916,10.714707938848019,1,68.71321824482624,0
33.98231196727128,28.017547380943885,4.030559381268665,1,81.0378835118403,0
28.837011684727234,25.659155731026708,5.974590953615218,1,68.6487873401196,0
12.452770958466157,21.486675062307512,9.927232449216572,1,63.97044132324106,0
36.20735872320331,21.660038261163958,6.530161197834454,0,69.81994596879622,0
37.626172015954396,28.3897391039638,4.815139104528108,0,64.4336274822908,0
11.832338795645912,34.88278722442335,6.881871350403423,1,54.003229741860714,0
18.30632944441611,28.236783796987574,6.163146291076204,1,63.28295555281415,0
34.18603839379184,26.1556683474005,10.74169521728444,0,91.71950566705459,0
32.447790711509754,29.61301020478492,6.506783340681145,1,77.71079292892473,1
15.53563058069132,24.304112245674364,10.311459774208057,1,77.90609959616755,0
16.28047970010131,16.202846852015703,11.134977158485878,0,62.38333060840954,0
21.11416308374146,26.245936317558197,7.470539356612236,1,79.80052006345925,1
24.53568955573064,34.1525056901076,11.279545150835137,0,58.06241368361161,0
28.54764314590888,18.50605884715319,7.018544431705543,0,57.73266969210932,0
21.067409187093173,28.800097816413313,11.712627331920865,1,75.8931652734495,1
23.876041483994438,19.018673773181128,4.714316196204583,0,61.35502320515607,0
32.4241281440127,25.716553689461627,9.496154132025943,1,84.71848988438911,1
11.100496086717937,16.93352899293439,7.950512323655429,0,43.4580921037559,0
17.573108330320622,24.007418725163703,7.1011904436451765,1,68.43905506120127,0
31.400487576536573,30.12326657790492,9.061695029988808,1,73.67638885946977,0
36.85620513061598,21.951430484779642,9.63085673307465,1,81.3989206128501,1
25.350323263469985,28.29823448974436,4.034906157202473,0,71.99376277199902,0
25.96340455795947,30.908999215794584,5.33562470997759,0,52.23720120036196,0
13.215160340193282,33.54355638958906,9.70436840507455,1,61.60496620770973,0
23.42237100470364,19.69284163710907,9.33108330862565,0,72.53905928114987,0
25.978517993650694,22.986318316186164,11.728380041029418,1,92.91171441785579,1
17.27411510904189,18.04832026660835,10.088302322006264,1,62.84416445482723,0
18.077296928481427,34.84967004316751,11.606181661850705,0,59.205728134282765,0
21.31852489313868,33.54001935848591,9.620324012278456,1,65.85851153400844,0
10.602135933331791,25.79914260561119,6.384417669115545,0,64.25681791688329,0
19.66237496749535,31.840665887528424,4.842919378006852,1,57.92000876950458,0
16.34344020989634,25.419159545440845,10.254590906759486,0,74.89516432170595,0
19.82492056533744,27.471713760055195,9.153193771807327,1,61.03759299417089,0
13.592863954577536,16.78248864232033,4.38548809914637,1,55.34998886096214,0
36.71581842219685,30.10540840993616,6.880403727207827,0,69.09858750034769,0
27.80777360662146,17.554269672704695,11.654398523874288,1,70.38164945064023,0
30.37306957433469,31.521352605050566,8.00320916568161,1,79.38295430418643,0
33.675137158220146,30.640561753407717,7.461833088157637,0,63.374524610578334,0
24.95326596787172,29.174893954859527,7.661596841274352,1,68.60386039080318,1
12.607608642622711,15.723207610495242,5.67106179204131,0,56.21457874138748,0
26.113196254556435,21.06256711890657,6.949657366918362,1,66.44591189121962,1
27.605233540626372,20.262251398216858,6.958506047897413,0,62.01430222391032,0
32.3631842255299,22.20272814943038,4.418840161499779,1,71.48018153672113,0
22.94978638689038,16.752854935276773,10.140541028143346,1,69.3950870168615,0
13.827409083866913,33.73915646062125,7.332035455231032,1,56.47245734030407,0
18.513277173961733,26.076044814247524,10.577439094531385,0,66.5075808645216,0
20.89246889195905,21.11048621316047,10.802784008959163,0,66.21054007010326,0
29.377517239948038,22.939630341485667,5.6959524375892645,0,66.0751757932682,0
27.123349140067358,23.944050810096712,9.258827857361029,0,74.95191275015341,0
20.68290177693539,27.011886667212345,7.778254433303854,1,75.11427749714794,1
39.595457463789394,25.313588553929954,11.041253903371882,1,92.82346125853248,1
28.173244580706616,33.38783946428835,5.725925433411633,0,47.01977274165205,0
17.116803752079836,24.939269658116604,9.422505602480353,0,77.89040453379793,0
13.053474178612113,34.84316029646625,8.862016978021781,0,51.39628619338934,0
14.585774175529961,32.028499154901915,6.362411820574662,1,64.70216674679267,0
17.378731851535242,19.170210287146716,5.092807229209381,0,56.88998898032848,0
14.82044119778667,33.61190429287832,9.213118083818213,0,59.512703927542816,0
15.597010721539172,17.32732795770952,9.908779665058645,1,64.64905733102724,0
18.552855060815414,31.348994169823833,6.5250187501068,1,68.09709609693398,0
15.201207858842645,22.6124658695316,9.15866083217851,0,69.17478009684119,0
36.90296273879275,32.55948640890139,7.161047260892026,1,68.58450321071712,0
12.407012369849266,32.361133802149006,9.705655066260942,0,67.40189478225244,0
25.735341687107642,31.118508002352424,5.593722199152425,1,68.46642374897706,0
22.311904809689846,30.800608726141228,11.121720021089395,0,69.10603708921863,0
39.471358507258195,21.093582781960816,6.299276771724638,0,64.990237892446,0
13.36116706504157,16.618385661025044,6.942287902049223,0,43.88924862032702,0
21.93566797137225,23.05960357530323,4.464735616642798,0,65.24772197196604,0
39.08411299826106,18.470490299730173,4.892097698570211,1,69.5487896352874,0
35.96521377681941,28.899021778049235,8.126895221698625,1,74.30429333981759,1
34.512162128478394,21.92199453075571,6.140741413823772,1,76.01609574454658,1
17.737084811348193,34.5122040171983,10.683841805937554,1,68.81303172040181,0
15.126627621701974,27.81944154690664,4.117547109239631,0,61.57776375364865,0
30.05929659773293,31.449611272687218,7.0327523893754895,0,56.974511788791574,0
37.88127967382757,17.65049345483697,6.698764374152741,1,68.73222917210212,0
26.702886790417892,32.24028964545245,4.154621047340808,1,56.07796327105246,0
27.148380684096995,33.455143810267884,4.994947192004082,1,57.21782392747604,0
18.399372809808526,24.741238376378718,7.309141399349082,1,72.5777969285371,0
33.084787995758106,27.12505875501955,7.942916675579573,1,76.81842358818928,1
15.6113124567257,30.29619601805991,7.234317978038953,0,51.789064299434486,0
19.71037709212731,18.496772545208252,8.24750142729675,0,58.581712369834335,0
22.763093158492502,25.051321529268847,8.761053399245451,0,71.61744543534019,0
25.228311360533652,22.973260555446263,4.079390569022685,1,55.032519194682045,0
17.272291972452408,17.92747984324498,7.712761275628031,1,71.32510770866652,0
13.445104742176106,22.350688445830627,11.707993927100706,1,79.42976842448373,0
28.318601273248976,16.363446187709872,8.152258241036389,1,62.23307674897383,0
18.65891659720767,15.51623813898974,9.420338139671625,0,54.58653703479374,0
27.437146642678368,17.703325783096457,6.494910863335066,0,53.009319445946886,0
14.63088145822607,34.26230223178348,10.1919310252221,1,67.55734719243355,0
24.434203055644524,25.99059071790034,10.183371855008922,0,84.99742134840054,0
25.977682976547577,34.3164432230644,8.17036838123311,0,57.394976255227284,0
11.554706104672807,23.64995756660264,11.80811058623371,1,80.90708728581897,0
20.098128345817617,21.23632266170519,5.004401718101227,1,65.90474596814065,0
14.032440308169228,25.122837256804882,4.135581319116648,1,61.29029042477018,0
11.901249114183033,23.7902337726582,10.161265694056768,1,71.71387379867478,0
39.69880697169836,17.11329368523488,10.457244298919061,1,75.42149713855731,0
19.67061534924169,27.816526293804124,4.96165783296461,1,64.37200324274228,0
34.29623337563905,19.320763650191992,6.124662663668849,0,63.8833715965316,0
17.639219642912916,27.39175909795659,4.140418906933031,0,59.78972219839725,0
30.44508166671788,28.004021847963067,6.3464688862445175,1,73.32980797747229,1
32.8068357966906,18.04049706257296,10.185134991349372,0,68.02340696300269,0
27.869162218235328,16.226992542213363,8.143684221700632,1,58.301067194112335,0
24.14728565650475,30.615231721368797,6.784764745346305,1,62.435245757894556,0
22.355227424418057,24.196008475386403,6.973914359250642,1,68.60758087335796,1
20.46604799628986,16.163275910109515,4.010829005723745,1,58.46489707538058,0
37.88587432743478,34.89732634339534,6.398404220521887,0,48.217656098507916,0
34.918582233631874,16.155611219927334,9.171669933103445,1,74.29597017291042,0
38.95080731999538,28.900704577171062,11.793555550530858,0,86.29607481776607,0
13.728916704566341,34.673578505268274,10.776486615871196,1,57.171128330640315,0
31.92602425610933,19.783602084318513,4.188759717164233,1,53.79767043330155,0
38.150213704631135,17.844987373743923,11.188484837398715,1,74.74125604606503,0
15.436991984969804,17.427698788448577,10.265587306389008,0,57.65135372252148,0
11.994888021003325,21.06550295135191,10.243008988567844,1,63.43997229641268,0
32.23361947870177,17.020916220212932,7.663966072028572,1,64.0784993187784,0
27.234193395397355,28.84322683388264,7.184042343636023,1,79.35768253970419,1
35.25486330274816,16.245835962601255,6.423325830665541,0,63.07872813408361,0
14.193171298788684,25.188442562995796,4.525558871634926,0,58.88521825896464,0
33.858019355796706,34.93393707705954,5.825882907949593,0,47.8119640377265,0
16.048819601432335,31.279405390120377,5.972829079824197,1,57.78975605216285,0
14.909678285971136,27.304388764620217,7.872616557681613,0,63.58770255351537,0
14.927973937929789,21.125072415732234,9.979555252773551,1,72.16446061640627,0
34.43724160694146,27.47791672583277,7.790478627183573,0,71.27192172974226,0
29.955916620886004,25.540829278233034,4.462755595577285,0,73.14793102415217,0
25.69196274307358,23.52166767780743,11.66231840790563,1,92.05856453931125,1
20.764914523705073,17.614207534803988,11.541794552752897,0,67.00106927281118,0
36.31601622439325,32.732084304809334,10.281516345187267,1,72.875671483705,0
21.773353222679063,23.99569297642645,11.930623212513765,1,80.8582450276966,1
34.497983184147316,18.8924502364153,8.355858662402103,0,65.78431438760805,0
23.17404725710655,22.35518701754579,11.702146802025648,1,84.75382242894406,1
21.308332882747226,23.28259505057854,4.604840324934006,1,65.99004980017519,0
23.88039357008819,31.550757911337485,6.9254459860909705,0,59.45296348650549,0
19.04133622492426,29.67228761122804,5.803050144054127,0,59.136657615492666,0
32.428281405287535,30.386097872826795,5.56666467307416,1,66.28302100254375,0
25.081611702774374,15.220625288572943,5.126423591141409,0,43.809364075824675,0
16.96638085440452,23.32307996359523,8.979309132527973,1,75.21318657127303,0
36.987237198237054,24.626883032706473,10.250574845978441,1,87.81822707422221,1
21.516736641196342,15.383845536461134,8.626387195362884,0,56.96684253374762,0
26.306585833419657,20.196264174900683,5.175701676705677,0,58.64137224937387,0
37.194163328936405,30.2057964624427,10.488990159467768,0,80.0230804728497,0
28.727139877419763,17.74219411457998,9.087637657309827,0,59.09554574777536,0
13.506941221250923,25.706202629051834,7.105325649015964,1,79.5592552461352,0
38.19496370840425,19.30403744034475,9.393042364288505,1,68.05693773218307,0
28.831241592142536,15.242415492877866,6.079239833942663,0,56.19316185552545,0
20.047168439712586,19.82402915199083,6.761537667953684,0,62.19110243840159,0
14.178162179901618,34.517475098201075,11.33988674505592,1,56.08617567142813,0
33.82075567810888,31.03074223765979,6.324036045371363,1,71.45691712109696,0
28.602182677855406,34.19153288642067,7.759906145263493,1,68.9554781327824,0
26.003832759289647,24.757080878527248,11.121129099168117,1,73.11367758868117,1
36.81677749152873,17.19472397355007,9.66177080214022,0,69.8042169335289,0
33.65791633673592,25.95918977947386,4.497625809317622,1,64.19066322174629,0
14.550246391982535,24.08754669119922,5.178424354231763,1,63.38952909212131,0
19.351662033866447,31.88714165479232,4.0627327261753345,0,60.14147862111631,0
17.454674194433974,16.961651615684893,9.047374321833306,1,58.31279164437647,0
32.31838877718031,24.764822740435562,7.581387403283347,1,76.19152115234142,1
11.005973042073382,18.000973293879685,5.074198807218204,0,48.126542674699955,0
27.096690546139495,21.4935185378012,11.663472968454164,0,84.37012349217116,0
32.87376057222072,29.747141547755994,8.23727779156496,0,60.140102641915675,0
36.30296910285249,24.52036258737533,5.935146352903113,1,75.83837969733486,0
20.262452461477224,22.517765702915387,8.00482856923766,1,79.661158906324,1
34.637719140160385,22.889525571400707,9.436962661880862,0,86.54186642339157,0
13.318952108656216,24.188935368119733,4.609913743788516,0,61.43506128479893,0
35.39356875203555,30.700330876741138,6.197630520383136,1,64.39730489047699,0
13.824659869959472,32.84169377880469,10.455723927071949,0,67.39174577702408,0
21.918618716811018,34.10669373007857,7.67731896322129,0,62.234112301826286,0
33.91886097338661,30.738067725105903,8.37261713625836,0,71.4369556796802,0
14.497522820463214,21.308137914960255,7.462528017675754,1,61.996817521978656,0
16.877541856979246,28.762694121730842,4.351199541144041,1,62.19503529255382,0
31.667577051791987,23.75206248110784,5.325998238561247,1,75.52511044072938,0
31.601096096382232,20.093412440921025,7.564333109935127,1,73.98812911801375,1
29.234428986558918,31.817431588518453,5.6734837232634225,1,71.74758409179437,0
30.818453334013,15.7685269792465,4.39983222927743,1,62.94311417510266,0
26.281733300427884,33.03523984270847,10.74919731241459,0,57.807302548495095,0
17.553971767208584,24.22954929249468,11.849540233312926,1,86.89287706866074,0
20.370879805117582,27.74402953616561,10.345142991973916,1,76.78075601825422,1
15.44793150404277,28.187078444115656,10.830279373637335,0,71.03055690354066,0
37.25351684000885,32.902354814130724,5.935817042536363,1,74.05847865194053,0
27.501753842983614,27.733393643344147,11.685015804105598,1,75.25371209339416,1
22.025542502909197,27.278671695201236,5.575405635627427,0,64.63940842096096,0
23.86017410932398,16.3330408112138,11.611438482894659,0,59.3560536446355,0
38.41850018835446,25.36816043890408,11.958554351727608,0,78.5714636171332,0
14.600542093482407,18.003380016340834,9.69378244596839,1,64.58125463640006,0
27.586894960503916,29.748675374429713,11.849149854334575,0,84.6276042708165,0
25.17666036653398,25.24443841625349,8.556318236536828,1,70.73354198303647,1
28.343627063039435,28.604555584167066,6.076334265408723,1,70.91580070605133,1
10.543305514625215,15.833458012047686,7.495967085324967,1,56.3852340847693,0
36.16371726832455,16.695840320916066,8.748487483030289,1,70.21166150882075,0
37.96354847450837,29.326467761253646,4.58465249621612,0,66.64017719649237,0
26.953995507676268,16.441686719973468,8.97874611693797,0,53.33240855196291,0
30.899524716306768,16.42513455530517,11.849422694098356,1,72.23809922461209,0
37.67498143531887,15.242169504697749,5.520861198269821,0,53.819301639380036,0
31.21715902940196,34.130027965989605,10.340760930307066,1,56.9100564532896,0
14.57617128742784,29.75016718918014,11.263190350236954,1,75.65549789327773,0
27.288650805004394,22.065028170041284,11.549612742561767,1,84.89072995563762,1
28.201451391485676,20.930711625753105,11.681084835243578,0,73.74208108436981,0
22.72392013907158,21.994064594916992,8.171677109771775,1,73.75297836505595,1
32.09332706874169,30.493070623623638,11.81846326393203,1,83.15980724659943,0
38.03101044307044,28.227412221408287,10.058481657075511,0,78.77010154822233,0
37.76705538720329,18.70391135734936,5.293371489895695,0,68.75149541695048,0
23.525181142123962,18.482186706681688,7.81520085174376,0,58.96235425767174,0
13.397141375222658,16.967912994267948,9.746649402976033,0,61.81428947348101,0
39.54523596887004,28.20605439402676,5.978722526552667,1,78.93252161587391,0
35.166942593378025,30.28745324443472,9.124921468391099,0,71.6662067284356,0
13.739880436098005,20.30092856650008,9.332803832372953,1,60.120697656048435,0
37.625256478521166,15.418899220618256,5.301597950468527,0,59.03760287770843,0
36.09689086186385,16.643433349528546,8.520682499622051,0,59.95656129194984,0
25.565141713782165,34.35720069690061,10.17301528782886,0,56.13627876219068,0
27.738263072347877,20.908895549548404,7.991165316287535,0,63.596792468121436,0
21.97008111610391,30.384462956762672,4.096824934208859,0,51.03017738634377,0
11.64284916466094,27.493271377085275,4.072307752634337,0,67.56720047219623,0
20.05591724937703,22.638792793057917,6.8562347517600974,1,77.2465916483865,1
34.085603457940344,19.1137452439111,11.409552547454256,0,81.98645854869507,0
10.138960690138086,17.42772836318813,5.82941423682887,0,42.55458332891079,0
20.004975150734325,27.300259360777332,9.074909510973498,0,69.3706018698272,0
21.9450608077283,30.49267561275576,5.776606965546565,0,52.184551500652,0
26.121868088137685,27.878085070822614,6.573359917276389,1,68.68632939235287,1
37.59566849238281,25.606042664983168,10.784336716811872,0,79.17161907436,0
20.390379830978837,15.839024468632726,9.830891538159575,0,62.81749619220203,0
20.408596056886832,34.36977555188768,4.763194218505685,0,46.62838986191779,0
32.12503744329245,30.97428383309149,7.429616167891469,0,70.60027197577054,0
23.566538226694213,20.856440734019294,4.233358109162116,1,67.86679219307146,0
16.73814468819946,34.599406587177015,7.847121172824072,0,62.459134689505746,0
23.5731854839808,27.037631792726444,9.299472093608545,1,69.26331618125172,1
14.225710611393996,26.64845316414493,4.9480209887852125,0,67.53414665951895,0
15.2916095951867,29.961463588590643,6.311079511273325,1,67.92170123932569,0
24.951033182184393,31.23539576180275,7.182693004017255,1,60.911870383377405,0
22.56776348513644,28.129572146630053,11.356248197248398,0,77.0947764275465,0
37.445377032043,17.561914927324,11.946040123383712,0,73.44630337087621,0
20.871816973498994,21.765350119889966,4.359290391964927,1,64.36816301470978,0
27.417650508341303,33.561672806520995,10.088063387963135,1,62.59789728821337,0
28.96792863758591,19.492312236877037,6.973792531218746,0,60.333730332129214,0
10.392833697650008,22.443340476750265,7.13966548983584,1,76.04165651600893,0
29.906121160501318,23.64153765888392,10.03411978677618,1,82.29072967297019,1
15.341079006092542,23.788099793889042,11.347411457163268,1,81.17850628422656,0
38.832109524083656,27.25879164989051,11.607428756020386,0,78.35511768795362,0
14.459881832593389,33.861516754894154,8.616980688306565,1,53.53311370786004,0
22.438723711810713,19.813854236650098,6.8569692744040225,1,71.5424482870613,0
12.560490042359316,17.43002752601836,10.300392686870234,1,54.84300804576407,0
39.90622755537842,18.949409797198747,6.008011066098402,0,64.78788113170795,0
25.06585030993728,32.73849800418539,8.512592230668142,0,59.994954547961235,0
27.861550519601312,27.91621625310412,6.868627692198985,1,73.95814730109115,1
12.012294321652824,20.718135784783204,9.25304858966301,0,60.42652518980655,0
32.498814111975335,31.318938779372345,5.923191303148055,1,69.47541535744467,0
16.297167792867572,32.22739992726872,5.532743565878606,0,55.45717816980331,0
36.94162868322141,31.930286773805562,11.345912693403497,0,75.30229756140147,0
16.154189214460214,33.378530672791086,4.814429463596295,1,48.61265841370325,0
15.720631619909998,20.04482040346723,8.047663261879453,0,58.600676020064654,0
11.096490035442846,30.100838574925564,5.766822263704071,0,59.970615572811084,0
24.162008353299978,24.2107899454828,4.31143970660534,0,71.44297956539296,0
26.945233997878493,31.83997105780123,4.288150546331411,1,54.36060344542859,0
11.97125918285057,29.569813543232264,5.401774176846619,0,56.706063271991695,0
33.26582850085032,30.528948929994492,10.934162836048003,0,62.085134397634135,0
23.598665042440828,28.12323675362143,6.259829951816213,1,70.17727845200372,1
25.731708079827403,18.548575389394138,11.603673364602365,0,76.8573499493354,0
23.222882408146845,25.900538377938766,8.65297834391355,0,68.05036837772128,0
22.02289182625978,34.69339479049017,7.492913518150129,0,48.692411381916834,0
26.789209939246536,33.74776132994238,8.640710677355637,0,62.68029723363627,0
14.657207377921376,15.863474715940233,8.133587081810141,0,43.54192616750814,0
15.457843914858135,18.296296314588744,10.0702100300586,1,61.26305448226927,0
35.85356863040552,17.63457546909124,6.259968527782818,1,70.56809373296822,0
38.38346386400898,29.51959819970591,6.824403132802419,0,67.21771099334927,0
21.199279488392587,31.3557065971389,11.152754420266007,0,63.43750824426264,0
18.122340194306613,19.270227326213437,11.571652105203244,0,68.68003145896022,0
29.319986297170473,25.11705385903658,11.140465819891796,1,88.24431457803257,1
22.26202513294289,31.814060560224,7.355583951658509,1,64.87035935498822,0
10.761590669810346,29.65603089532501,10.242924024055053,0,59.737508183987536,0
14.68457792098571,25.844744109836967,7.81068586640879,0,69.21913511677688,0
31.479166865421927,26.806953809175457,7.9803188171688175,1,78.47749063961449,1
29.76771825730454,25.1672109383256,5.637440872458272,0,75.29462661031741,0
10.812879775104506,20.950969026376413,8.729042426068132,1,62.91728145381739,0
16.659164857988483,26.300439857180322,5.4890871820267835,1,68.04948861577607,0
16.93224389764214,28.777706041001814,6.65251759253755,0,55.9396972928637,0
30.15678230796185,32.46645831721615,10.840241612959481,1,71.23079888895667,0
10.591316132630924,27.72582707958496,5.656606473686842,0,54.27390929953158,0
13.123257459537216,30.22243074086316,4.5692662813874625,0,47.40043441931351,0
33.99748256119568,18.20143269909146,4.55206074090253,0,61.52300352941149,0
15.356339861630008,24.231149488395797,11.526276164024864,0,74.49358203293218,0
29.58238323555624,15.186632396541865,8.055363503694677,0,61.161870341146724,0
17.145483431401797,19.93357729043246,7.275296574536147,0,57.19721331049455,0
12.983241782780354,29.529234302260097,10.487028648063347,1,70.20395949314879,0
17.295165729983623,34.836199026987266,10.686607423284128,1,62.75908380731178,0
31.668007955669776,16.983561991744317,6.657528264924837,1,67.01128939786875,0
35.670894043188575,23.029886317225767,9.548944459790363,1,79.09036793172066,1
34.90659593700975,31.00141937398319,10.168982526815093,0,71.45075042211708,0
21.915505888553646,19.080712692577976,9.237205494927636,1,69.79568805209752,0
30.042554097119385,26.101698986045726,5.212760598400795,1,75.67291230860914,0
16.14952886247463,29.661425920593494,11.007064668136456,1,59.83012130039959,0
18.794431907830397,27.31970900520358,8.31275642188807,0,68.02938069620755,0
36.890074555633596,18.760494692308324,6.2597794109600295,1,81.41835097585971,0
10.39005770532208,22.10769137371479,7.401825483501551,0,58.71295348155804,0
12.565255925634043,30.675835689707945,4.300568723191259,1,52.74142417891142,0
16.23658765438082,26.084530282640333,5.0229344097793405,0,65.35037767513573,0
10.795966116214592,15.104592270858255,10.124374004126887,0,52.355619658346995,0
15.443063052693919,30.219815200561875,4.000093078042929,1,64.24571656936968,0
27.491246829090766,15.706227098804781,7.332526627858337,0,49.867526774398016,0
22.64273651777494,29.91467565462464,8.180081448684707,0,67.41904038554021,0
36.780151332309245,19.04961120330475,4.437075360007778,1,71.0970214190331,0
34.523306852153226,34.161469602387605,11.784625303778663,1,70.90491949226667,0
20.254520550936277,22.35881502604169,5.8090026499973755,1,70.25183089215604,0
17.782703002938774,21.538632326761583,6.433589757090247,0,66.7662881986197,0
21.390772245018006,17.977761006648894,6.431540098040219,0,60.659795183009365,0
27.708848275444232,21.1120843098043,5.843333296938799,0,59.12849614237026,0
18.041909224686286,32.53301523656401,4.011790576690491,1,59.073400938028286,0
28.72446723547402,34.926686752544946,9.834758352703972,0,58.93755461654049,0
22.282349565737213,22.366190610136968,11.734763998394282,0,73.84007249081154,0
26.561415425559407,23.97221261909085,5.7943478662803605,0,70.28263970539041,0
23.0837958740595,29.441418764054742,9.30437753442738,0,65.86441176657004,0
18.83397278625753,32.72391560930149,9.93517061566972,0,64.8304485835657,0
38.4535992088647,26.860886683735682,10.787403032724198,0,81.26754098680122,0
32.908173824792826,22.830513963556587,7.381033576108873,0,67.58893456175706,0
14.203395272993577,23.252436816972477,6.423447245123434,1,66.27409285827825,0
36.05403927693738,28.912362929936137,6.602361072184249,1,75.99930897092516,1
24.62293594748541,15.064365272085574,9.700970664788102,1,68.13772843658126,0
36.836566806822745,27.391786749196815,10.534235732045088,0,82.45153692782955,0
33.995657678419455,22.109860208827147,5.452911742052821,0,65.14424047620804,0
22.756405134077003,30.883946625541686,6.967528065262122,1,77.48755099724276,0
10.674079249603523,16.85981279646264,11.2155215739932,0,57.203824133606744,0
18.060320781548384,26.76404533896781,10.453548157557915,1,82.55934563917052,0
26.249026439826007,24.619457797722475,11.878867222099807,0,79.42315748062153,0
29.00434659478442,27.846510518104548,10.033986077456646,0,76.52692760089532,0
17.73663056299607,16.297071889659367,7.145561608223378,1,61.37814399574386,0
14.180682222184725,26.599675748562625,8.725102671957103,1,78.06961718067404,0
35.04790710397897,26.229691759190473,9.288114033978562,1,89.2835826114675,1
39.532065421106566,26.213201888323418,4.627646530536992,1,83.64208373007683,0
25.770705469080575,27.069753331929096,8.35597567283092,1,74.70437592395793,1
15.150378575449105,28.529358744527244,9.674566627780877,0,62.16959153056108,0
18.169219795581068,31.099779993615396,5.338570432008483,0,56.55594311019345,0
10.551720296424001,20.396414402564286,10.245053739404458,0,66.10190992415261,0
37.42896419681497,31.500988203601242,8.670182244112894,1,72.6041755534913,0
13.532532486704234,24.96511364526907,11.617774285580758,1,84.44901479083333,0
27.295494265427607,16.541165582686624,4.339378385655134,1,65.50222960400065,0
18.22165662061618,16.171018584879583,6.122609100443736,1,51.055174535365765,0
26.6253400754738,21.684766373921217,8.812431034398593,1,70.71624581819582,1
29.542611650555926,30.69793954222935,6.372479297647446,1,67.23227039276374,0
34.89225411121605,29.153618694818316,9.715393312569937,0,75.25004297577227,0
16.192638152818095,30.77229929344813,10.072042260175447,0,59.0369488109407,0
10.329874859754414,25.345381128832187,4.820127712531796,0,68.46538013534625,0
14.106568902064218,23.80397995910981,8.110835713654142,0,68.94783224732521,0
37.00055925544315,17.94905053412568,8.071124444728447,0,66.7023026042693,0
36.216702326875456,21.563855072186232,6.9542461617243285,1,69.48788293105405,1
27.922393065109247,23.680387323477504,11.463398900557376,1,76.93799044820815,1
28.0155058130096,16.772008593592346,10.62005055898577,1,69.88689218357717,0
29.951100236387664,19.412239054224226,9.577675055277094,1,62.50356267878375,0
15.261138358703487,26.964505881274775,9.71461308587998,1,78.33666409384253,0
37.43235837774879,29.713262284783795,7.693729150504953,1,75.03947912320264,1
22.563115746762193,34.966950227858995,11.367956168772608,0,74.61505651879568,0
21.494155847484922,33.66226662687115,9.556763418026282,1,74.29727105012013,0
25.567531158485124,27.85130399070383,9.831848493246532,1,75.92168499146712,1
11.408979003251652,23.42496106588144,10.893527230298762,1,73.36301746618027,0
14.988501062682381,27.723547294164653,6.192572714737528,1,71.31392258512832,0
32.141008492791116,30.71303236160464,10.456567230933624,0,78.84515341917691,0
12.483960037753794,17.366723818467747,5.561924823651936,0,41.12816960411021,0
28.094563283991647,23.198097793925765,6.762735617959103,1,66.65570333001257,1
17.36047329043963,31.796045712712345,6.684883634158742,0,52.00529664326133,0
21.678868421259295,22.67665903866088,11.828203747113125,0,76.84874582449042,0
18.660812103120996,26.437445424543732,10.852297789983414,1,80.21832983998614,0
20.670181493948473,26.755387217243964,9.609358892722078,1,81.58721192648868,1
31.571377155527365,18.689525062672786,9.81645409292312,1,66.8909322006674,0
18.91365146869525,22.244708833045767,8.496582355220568,1,60.11039761842562,0
26.992139208906917,21.690225774838645,11.576725336868153,1,83.5316801359437,1
24.28151206597299,15.523934170641295,7.970070023058892,0,51.00274804403125,0
29.910134960879443,15.483835277827104,7.044141678959156,1,51.396511232589475,0
38.10489217974274,31.63394087351547,5.304282695452728,1,69.46630711581643,0
31.97716291630751,20.46141619945625,10.289645218088463,1,81.31176012529232,1
16.448211357722702,25.361575324776307,9.875551456604732,0,71.70399655360946,0
10.93549405183854,20.97451147177546,7.074840308193079,1,60.73978850084737,0
17.867921328994754,33.81358490230681,4.201547311673835,1,51.81230066666498,0
27.852337921007646,20.185935177315475,10.711978621744086,1,73.51309343574698,1
11.54277440452751,23.593136254778702,4.091343867632589,0,52.354439953569205,0
24.890987416037092,32.45460500969204,9.629598237032408,1,63.40727765923093,0
27.905285467506676,31.838671335836175,11.762056877808456,1,75.52478490386275,0
20.027316724508825,18.722028356925545,7.501290625185628,1,65.31804372076644,0
33.12736611237466,31.05286619591421,5.879787239967622,0,64.11793055414445,0
13.197947594013154,24.163737734757852,9.638968080347054,1,69.40915897777596,0
12.254133452074264,24.659377441707104,10.537025136124681,1,75.34384350296003,0
31.8456626861081,17.669599448318877,8.37144252862278,1,57.9338688004117,0
24.864739486185954,16.612030275142494,11.73628220204917,0,64.15323691587868,0
30.65207189283208,29.558786139475302,4.413349773263689,1,74.9727768664288,0
23.044820158112387,24.929223047105996,8.038364786436226,1,71.06774269271199,1
17.392060997173203,23.737014052303593,9.7476315785804,1,72.8618676044756,0
34.57306953022599,29.590164573047936,10.901123769193433,0,76.10342516635792,0
33.982476369069374,30.310257979822197,5.43404489526232,0,70.78600273992119,0
30.840894125632804,18.17816335338707,10.400027854109451,1,70.13569246925397,0
18.16435411689888,27.204502989552825,8.421656605748362,0,63.84440434163685,0
27.706920006072615,17.70708164555371,7.172429455919706,0,50.181651765942874,0
20.829216908200802,30.027501720580915,5.0537202286327485,0,58.45737600242823,0
12.747462199799024,28.13910312534279,10.922366071271298,1,81.6894541568396,0
37.519407263867286,34.132292421669156,5.258185665437723,1,64.7691895965753,0
14.104558927568842,16.379160327128425,6.478302873672794,0,49.4166595326319,0
38.50712061462407,16.141094423025088,6.320364255699495,0,62.626707090746386,0
23.380173188738674,20.643741493864002,10.971312273526834,0,69.37907797264458,0
